{
  "computed_at": "2026-06-20T20:45:26.582537+00:00",
  "n_samples": 74685,
  "features": {
    "purchase_count_1h": {
      "bin_edges": [
        0.0,
        0.2,
        0.4,
        0.6000000000000001,
        0.8,
        1.0,
        1.2000000000000002,
        1.4000000000000001,
        1.6,
        1.8,
        2.0
      ],
      "bin_counts": [
        74663,
        0,
        0,
        0,
        0,
        0,
        0,
        0,
        0,
        22
      ],
      "mean": 0.000589,
      "std": 0.034321,
      "p50": 0.0
    },
    "purchase_count_24h": {
      "bin_edges": [
        0.0,
        0.4,
        0.8,
        1.2000000000000002,
        1.6,
        2.0,
        2.4000000000000004,
        2.8000000000000003,
        3.2,
        3.6,
        4.0
      ],
      "bin_counts": [
        70886,
        0,
        3377,
        0,
        0,
        418,
        0,
        2,
        0,
        2
      ],
      "mean": 0.056598,
      "std": 0.255088,
      "p50": 0.0
    },
    "purchase_count_7d": {
      "bin_edges": [
        0.0,
        0.4,
        0.8,
        1.2000000000000002,
        1.6,
        2.0,
        2.4000000000000004,
        2.8000000000000003,
        3.2,
        3.6,
        4.0
      ],
      "bin_counts": [
        47421,
        0,
        26455,
        0,
        0,
        777,
        0,
        29,
        0,
        3
      ],
      "mean": 0.376354,
      "std": 0.508263,
      "p50": 0.0
    },
    "revenue_sum_1h": {
      "bin_edges": [
        0.0,
        10219.2,
        20438.4,
        30657.600000000002,
        40876.8,
        51096.0,
        61315.200000000004,
        71534.40000000001,
        81753.6,
        91972.8,
        102192.0
      ],
      "bin_counts": [
        74669,
        7,
        3,
        2,
        1,
        1,
        0,
        0,
        0,
        2
      ],
      "mean": 7.863239,
      "std": 646.950948,
      "p50": 0.0
    },
    "revenue_sum_24h": {
      "bin_edges": [
        0.0,
        46559.1,
        93118.2,
        139677.3,
        186236.4,
        232795.5,
        279354.6,
        325913.7,
        372472.8,
        419031.89999999997,
        465591.0
      ],
      "bin_counts": [
        74477,
        151,
        29,
        9,
        11,
        5,
        0,
        1,
        1,
        1
      ],
      "mean": 866.691665,
      "std": 6685.61186,
      "p50": 0.0
    },
    "revenue_sum_7d": {
      "bin_edges": [
        0.0,
        72748.8,
        145497.6,
        218246.40000000002,
        290995.2,
        363744.0,
        436492.80000000005,
        509241.60000000003,
        581990.4,
        654739.2000000001,
        727488.0
      ],
      "bin_counts": [
        73997,
        521,
        111,
        38,
        8,
        5,
        3,
        0,
        0,
        2
      ],
      "mean": 6182.432269,
      "std": 16528.894674,
      "p50": 0.0
    },
    "session_count_24h": {
      "bin_edges": [
        0.0,
        0.4,
        0.8,
        1.2000000000000002,
        1.6,
        2.0,
        2.4000000000000004,
        2.8000000000000003,
        3.2,
        3.6,
        4.0
      ],
      "bin_counts": [
        70886,
        0,
        3773,
        0,
        0,
        25,
        0,
        0,
        0,
        1
      ],
      "mean": 0.051242,
      "std": 0.222365,
      "p50": 0.0
    },
    "event_count_24h": {
      "bin_edges": [
        0.0,
        0.4,
        0.8,
        1.2000000000000002,
        1.6,
        2.0,
        2.4000000000000004,
        2.8000000000000003,
        3.2,
        3.6,
        4.0
      ],
      "bin_counts": [
        70886,
        0,
        3377,
        0,
        0,
        418,
        0,
        2,
        0,
        2
      ],
      "mean": 0.056598,
      "std": 0.255088,
      "p50": 0.0
    },
    "days_since_last_purchase": {
      "bin_edges": [
        0.0,
        3.0,
        6.0,
        9.0,
        12.0,
        15.0,
        18.0,
        21.0,
        24.0,
        27.0,
        30.0
      ],
      "bin_counts": [
        9592,
        11561,
        12541,
        10788,
        10378,
        7147,
        6066,
        4447,
        1962,
        203
      ],
      "mean": 10.276321,
      "std": 6.588952,
      "p50": 9.0
    },
    "avg_delivery_delay_days": {
      "bin_edges": [
        -147.0,
        -113.5,
        -80.0,
        -46.5,
        -13.0,
        20.5,
        54.0,
        87.5,
        121.0,
        154.5,
        188.0
      ],
      "bin_counts": [
        2,
        3,
        139,
        32409,
        41511,
        526,
        45,
        20,
        14,
        9
      ],
      "mean": -11.833902,
      "std": 10.217811,
      "p50": -12.0
    },
    "avg_review_score": {
      "bin_edges": [
        1.0,
        1.4,
        1.8,
        2.2,
        2.6,
        3.0,
        3.4000000000000004,
        3.8000000000000003,
        4.2,
        4.6,
        5.0
      ],
      "bin_counts": [
        7167,
        17,
        2286,
        83,
        6,
        6198,
        145,
        14502,
        262,
        43532
      ],
      "mean": 4.150093,
      "std": 1.28269,
      "p50": 5.0
    },
    "avg_payment_installments": {
      "bin_edges": [
        0.0,
        2.4,
        4.8,
        7.199999999999999,
        9.6,
        12.0,
        14.399999999999999,
        16.8,
        19.2,
        21.599999999999998,
        24.0
      ],
      "bin_counts": [
        45750,
        13305,
        8074,
        3608,
        3731,
        103,
        57,
        25,
        16,
        16
      ],
      "mean": 2.896359,
      "std": 2.674222,
      "p50": 2.0
    }
  }
}