{
  "computed_at": "2026-06-20T17:12:26.259303+00:00",
  "n_samples": 3152,
  "features": {
    "purchase_count_1h": {
      "bin_edges": [
        0.0,
        0.1,
        0.2,
        0.30000000000000004,
        0.4,
        0.5,
        0.6000000000000001,
        0.7000000000000001,
        0.8,
        0.9,
        1.0
      ],
      "bin_counts": [
        3060,
        0,
        0,
        0,
        0,
        0,
        0,
        0,
        0,
        92
      ],
      "mean": 0.029188,
      "std": 0.168333,
      "p50": 0.0
    },
    "purchase_count_24h": {
      "bin_edges": [
        0.0,
        0.1,
        0.2,
        0.30000000000000004,
        0.4,
        0.5,
        0.6000000000000001,
        0.7000000000000001,
        0.8,
        0.9,
        1.0
      ],
      "bin_counts": [
        3060,
        0,
        0,
        0,
        0,
        0,
        0,
        0,
        0,
        92
      ],
      "mean": 0.029188,
      "std": 0.168333,
      "p50": 0.0
    },
    "purchase_count_7d": {
      "bin_edges": [
        0.0,
        0.1,
        0.2,
        0.30000000000000004,
        0.4,
        0.5,
        0.6000000000000001,
        0.7000000000000001,
        0.8,
        0.9,
        1.0
      ],
      "bin_counts": [
        3060,
        0,
        0,
        0,
        0,
        0,
        0,
        0,
        0,
        92
      ],
      "mean": 0.029188,
      "std": 0.168333,
      "p50": 0.0
    },
    "revenue_sum_1h": {
      "bin_edges": [
        0.0,
        4752.7,
        9505.4,
        14258.099999999999,
        19010.8,
        23763.5,
        28516.199999999997,
        33268.9,
        38021.6,
        42774.299999999996,
        47527.0
      ],
      "bin_counts": [
        3069,
        12,
        11,
        7,
        11,
        9,
        4,
        9,
        10,
        10
      ],
      "mean": 672.496193,
      "std": 4563.028647,
      "p50": 0.0
    },
    "revenue_sum_24h": {
      "bin_edges": [
        0.0,
        4752.7,
        9505.4,
        14258.099999999999,
        19010.8,
        23763.5,
        28516.199999999997,
        33268.9,
        38021.6,
        42774.299999999996,
        47527.0
      ],
      "bin_counts": [
        3069,
        12,
        11,
        7,
        11,
        9,
        4,
        9,
        10,
        10
      ],
      "mean": 672.496193,
      "std": 4563.028647,
      "p50": 0.0
    },
    "revenue_sum_7d": {
      "bin_edges": [
        0.0,
        4752.7,
        9505.4,
        14258.099999999999,
        19010.8,
        23763.5,
        28516.199999999997,
        33268.9,
        38021.6,
        42774.299999999996,
        47527.0
      ],
      "bin_counts": [
        3069,
        12,
        11,
        7,
        11,
        9,
        4,
        9,
        10,
        10
      ],
      "mean": 672.496193,
      "std": 4563.028647,
      "p50": 0.0
    },
    "session_count_24h": {
      "bin_edges": [
        0.5,
        0.6,
        0.7,
        0.8,
        0.9,
        1.0,
        1.1,
        1.2000000000000002,
        1.3,
        1.4,
        1.5
      ],
      "bin_counts": [
        0,
        0,
        0,
        0,
        0,
        3152,
        0,
        0,
        0,
        0
      ],
      "mean": 1.0,
      "std": 0.0,
      "p50": 1.0
    },
    "event_count_24h": {
      "bin_edges": [
        1.0,
        1.4,
        1.8,
        2.2,
        2.6,
        3.0,
        3.4000000000000004,
        3.8000000000000003,
        4.2,
        4.6,
        5.0
      ],
      "bin_counts": [
        2423,
        0,
        613,
        0,
        0,
        92,
        0,
        21,
        0,
        3
      ],
      "mean": 1.27665,
      "std": 0.556674,
      "p50": 1.0
    },
    "days_since_last_purchase": {
      "bin_edges": [
        0.0,
        99.9,
        199.8,
        299.70000000000005,
        399.6,
        499.5,
        599.4000000000001,
        699.3000000000001,
        799.2,
        899.1,
        999.0
      ],
      "bin_counts": [
        92,
        0,
        0,
        0,
        0,
        0,
        0,
        0,
        0,
        3060
      ],
      "mean": 969.841371,
      "std": 168.16434,
      "p50": 999.0
    }
  }
}